prefix_ar,prefix_en
ا/للمضارع المتكلم المفرد,A/IV1S
ال/أداة تعريف,Al/DET
ل/حرف جر+ال/أداة تعريف,l/PREP+Al/DET
ب/أداة مضارعة+ت/للمضارع المخاطب الجمع,b/PROG_PART+t/IV2P
ل/أداة+ت/للمضارع المخاطب الجمع,l/PART+t/IV2P
و/عطف,w/CONJ
ف/عطف,f/CONJ
ب/حرف جر,b/PREP
و/أداة,w/PART
ب/أداة مضارعة+ي/للمضارع الغائب المذكر المفرد,b/PROG_PART+y/IV3MS
يا/أداة نداء,yA/VOC_PART
ل/حرف جر,l/PREP
ي/للمضارع الغائب المذكر المفرد,y/IV3MS
ت/للمضارع المخاطب المذكر المفرد,t/IV2MS
ت/للمضارع الغائب المؤنث المفرد,t/IV3FS
ب/أداة مضارعة+ن/للمضارع المتكلم الجمع,b/PROG_PART+n/IV1P
ب/حرف جر+ال/أداة تعريف,b/PREP+Al/DET
ي/للمضارع الغائب المذكر الجمع,y/IV3MP
ب/أداة مضارعة+ت/للمضارع الغائب المؤنث المفرد,b/PROG_PART+t/IV3FS
ب/أداة مضارعة+ا/للمضارع المتكلم المفرد,b/PROG_PART+A/IV1S
ن/للمضارع المتكلم الجمع,n/IV1P
ب/أداة مضارعة+ا/للمضارع المتكلم المفرد+ن/للمضارع المتكلم الجمع,b/PROG_PART+A/IV1S+n/IV1P
م/أداة نفي,m/NEG_PART
ب/أداة+ال/أداة تعريف,b/PART+Al/DET
م/حرف جر,m/PREP
ب/أداة مضارعة+ت/للمضارع المتكلم المفرد,b/PROG_PART+t/IV1S
ع/حرف جر+ال/أداة تعريف,E/PREP+Al/DET
و/حرف جر,w/PREP
و/عطف+يا/أداة نداء,w/CONJ+yA/VOC_PART
ف/عطف+ي/للمضارع الغائب المذكر المفرد,f/CONJ+y/IV3MS
ت/للمضارع المخاطب المؤنث المفرد,t/IV2FS
ل/حرف جر+أ/للمضارع المتكلم المفرد,l/PREP+>/IV1S
ب/حرف جر+ه/ضمير اشارة+ال/أداة تعريف,b/PREP+h/DEM_PRON+Al/DET
أ/للمضارع المتكلم المفرد,>/IV1S
ب/أداة مضارعة+ي/للمضارع الغائب الجمع,b/PROG_PART+y/IV3P
و/عطف+ت/للمضارع الغائب المؤنث المفرد,w/CONJ+t/IV3FS
ب/أداة مضارعة+ت/للمضارع المخاطب المؤنث المفرد,b/PROG_PART+t/IV2FS
و/أداة+ت/للمضارع الغائب المؤنث المفرد,w/PART+t/IV3FS
و/عطف+ت/للمضارع المخاطب المذكر المفرد,w/CONJ+t/IV2MS
و/عطف+ب/أداة مضارعة+ت/للمضارع المخاطب المذكر المفرد,w/CONJ+b/PROG_PART+t/IV2MS
و/عطف+ال/أداة تعريف,w/CONJ+Al/DET
ب/أداة,b/PART
ب/أداة مضارعة+أ/للمضارع المتكلم المفرد,b/PROG_PART+>/IV1S
لا/أداة نفي+ت/للمضارع المخاطب المذكر المفرد,lA/NEG_PART+t/IV2MS
ع/حرف جر,E/PREP
ما/أداة نفي+ت/للمضارع المخاطب المذكر المفرد,mA/NEG_PART+t/IV2MS
ب/أداة مضارعة+ت/للمضارع المخاطب المذكر المفرد,b/PROG_PART+t/IV2MS
ما/أداة نفي,mA/NEG_PART
و/عطف+ب/أداة مضارعة+ي/للمضارع الغائب المذكر المفرد,w/CONJ+b/PROG_PART+y/IV3MS
ل/حرف جر+ه/ضمير اشارة+ال/أداة تعريف,l/PREP+h/DEM_PRON+Al/DET
و/عطف+ل/حرف جر,w/CONJ+l/PREP
ل/جواب شرط+ت/للمضارع الغائب المؤنث المفرد,l/RC_PART+t/IV3FS
ي/للمضارع الغائب الجمع,y/IV3P
و/عطف+ي/للمضارع الغائب المذكر المفرد,w/CONJ+y/IV3MS
ما/أداة نفي+ت/للمضارع الغائب المؤنث المفرد,mA/NEG_PART+t/IV3FS
و/أداة+ب/أداة مضارعة+ي/للمضارع الغائب المذكر المفرد,w/PART+b/PROG_PART+y/IV3MS
و/أداة ربط+ت/للمضارع الغائب المؤنث المفرد,w/SUB_CONJ+t/IV3FS
ما/أداة نفي+ي/للمضارع الغائب المذكر المفرد,mA/NEG_PART+y/IV3MS
لا/أداة نفي+أ/للمضارع المتكلم المفرد,lA/NEG_PART+>/IV1S
ما/أداة نفي+ب/أداة مضارعة+ي/للمضارع الغائب المذكر المفرد,mA/NEG_PART+b/PROG_PART+y/IV3MS
و/عطف+ب/أداة مضارعة+ا/للمضارع المتكلم المفرد,w/CONJ+b/PROG_PART+A/IV1S
و/أداة ربط+ب/أداة مضارعة+ا/للمضارع المتكلم المفرد,w/SUB_CONJ+b/PROG_PART+A/IV1S
و/عطف+ب/حرف جر+ال/أداة تعريف,w/CONJ+b/PREP+Al/DET
ل/أداة توكيد+ن/للمضارع المتكلم الجمع,l/EMPHATIC_PART+n/IV1P
ت/للمضارع المخاطب الجمع,t/IV2P
ه/ضمير اشارة+ال/أداة تعريف,h/DEM_PRON+Al/DET
ل/أداة جزم+ي/للمضارع الغائب المذكر المفرد,l/JUS_PART+y/IV3MS
و/أداة+ال/أداة تعريف,w/PART+Al/DET
ب/أداة مضارعة+ت/للمضارع المخاطب المذكر الجمع,b/PROG_PART+t/IV2MP
و/عطف+ا/للمضارع المتكلم المفرد,w/CONJ+A/IV1S
ب/أداة مضارعة+ي/للمضارع الغائب المذكر الجمع,b/PROG_PART+y/IV3MP
عل/حرف جر,El/PREP
ت/للمضارع الغائب المذكر المفرد,t/IV3MS
ما/ضمير استفهام,mA/INTERROG_PRON
ما/أداة نفي+ب/أداة مضارعة+ا/للمضارع المتكلم المفرد,mA/NEG_PART+b/PROG_PART+A/IV1S
و/أداة+ت/للمضارع المخاطب المذكر المفرد,w/PART+t/IV2MS
ف/حرف جر+ال/أداة تعريف,f/PREP+Al/DET
ا/للمضارع المخاطب المذكر المفرد,A/IV2MS
س/أداة استقبال+ت/للمضارع الغائب المؤنث المفرد,s/FUT_PART+t/IV3FS
ما/أداة نفي+ب/أداة مضارعة+ت/للمضارع الغائب المؤنث المفرد,mA/NEG_PART+b/PROG_PART+t/IV3FS
و/عطف+ب/أداة مضارعة+ت/للمضارع الغائب المؤنث المفرد,w/CONJ+b/PROG_PART+t/IV3FS
ما/اسم موصول,mA/REL_PRON
و/عطف+ب/أداة مضارعة+ن/للمضارع المتكلم الجمع,w/CONJ+b/PROG_PART+n/IV1P
ب/حرف جر+ه/أداة مضارعة+ال/أداة تعريف,b/PREP+h/PROG_PART+Al/DET
و/عطف+ن/للمضارع المتكلم الجمع,w/CONJ+n/IV1P
ل/أداة توكيد+ت/للمضارع الغائب المؤنث المفرد,l/EMPHATIC_PART+t/IV3FS
ل/حرف جر+ت/للمضارع الغائب المؤنث المفرد,l/PREP+t/IV3FS
ف/عطف+ت/للمضارع الغائب المؤنث المفرد,f/CONJ+t/IV3FS
ين/للمضارع الغائب المذكر المفرد,yn/IV3MS
ل/أداة توكيد,l/EMPHATIC_PART
أ/أداة استفهام,>/INTERROG_PART
و/أداة+ي/للمضارع الغائب المذكر المفرد,w/PART+y/IV3MS
و/عطف+ت/للمضارع المخاطب المؤنث المفرد,w/CONJ+t/IV2FS
و/عطف+الا/جواب شرط,w/CONJ+AlA/RC_PART
و/أداة+ب/أداة مضارعة+ا/للمضارع المتكلم المفرد,w/PART+b/PROG_PART+A/IV1S
و/عطف+ال/أداة تعريف+لا/أداة نفي,w/CONJ+Al/DET+lA/NEG_PART
و/عطف+ل/حرف جر+ال/أداة تعريف,w/CONJ+l/PREP+Al/DET
و/عطف+ي/للمضارع الغائب المذكر الجمع,w/CONJ+y/IV3MP
ه/أداة استقبال+ا/للمضارع المتكلم المفرد,H/FUT_PART+A/IV1S
ه/أداة استقبال+أ/للمضارع المتكلم المفرد,H/FUT_PART+>/IV1S
و/أداة+ن/للمضارع المتكلم الجمع,w/PART+n/IV1P
ه/أداة استقبال+ت/للمضارع المخاطب المؤنث المفرد,H/FUT_PART+t/IV2FS
ت/أداة جزم+ي/للمضارع الغائب المذكر المفرد,t/JUS_PART+y/IV3MS
ه/أداة استقبال+ن/للمضارع المتكلم الجمع,H/FUT_PART+n/IV1P
ف/أداة ربط+ب/أداة مضارعة+ا/للمضارع المتكلم المفرد,f/SUB_CONJ+b/PROG_PART+A/IV1S
و/أداة ربط+ب/أداة مضارعة+ت/للمضارع المخاطب المذكر المفرد,w/SUB_CONJ+b/PROG_PART+t/IV2MS
ف/حرف ربط,f/CONNEC_PART
ه/أداة استقبال+ي/للمضارع الغائب المذكر المفرد,H/FUT_PART+y/IV3MS
ما/أداة نفي+ت/للمضارع الغائب المذكر المفرد,mA/NEG_PART+t/IV3MS
ل/أداة توكيد+ي/للمضارع الغائب المذكر المفرد,l/EMPHATIC_PART+y/IV3MS
و/عطف+ه/أداة استقبال+ي/للمضارع الغائب المذكر المفرد,w/CONJ+H/FUT_PART+y/IV3MS
ت/للمضارع المخاطب المذكر الجمع,t/IV2MP
ت/أداة+أ/للمضارع المتكلم المفرد,t/PART+>/IV1S
ه/ضمير اشارة,h/DEM_PRON
و/أداة+ب/أداة مضارعة+ت/للمضارع الغائب المؤنث المفرد,w/PART+b/PROG_PART+t/IV3FS
و/عطف+ي/للمضارع الغائب الجمع,w/CONJ+y/IV3P
ي/أداة نداء,y/VOC_PART
أب/أداة مضارعة+أ/للمضارع المتكلم المفرد,>b/PROG_PART+>/IV1S
ل/أداة جزم+ا/للمضارع المتكلم المفرد,l/JUS_PART+A/IV1S
ب/أداة نداء+ي/للمضارع الغائب المذكر المفرد,b/VOC_PART+y/IV3MS
ت/فعل ماضي غائب مذكر مفرد,t/PV3MS
آ/للمضارع المتكلم المفرد,|/IV1S
ما/أداة,mA/PART
و/أداة ربط+ال/أداة تعريف,w/SUB_CONJ+Al/DET
و/عطف+ب/حرف جر,w/CONJ+b/PREP
ات/للمضارع الغائب المؤنث المفرد,At/IV3FS
و/عطف+ب/أداة مضارعة+ت/للمضارع المخاطب الجمع,w/CONJ+b/PROG_PART+t/IV2P
و/عطف+ع/حرف جر+ال/أداة تعريف,w/CONJ+E/PREP+Al/DET
ه/أداة استقبال+ت/للمضارع الغائب المؤنث المفرد,H/FUT_PART+t/IV3FS
ت/حرف جر+ن/للمضارع المتكلم الجمع,t/PREP+n/IV1P
ك/حرف جر,k/PREP
ب/أداة مضارعة+ت/للمضارع الغائب المذكر المفرد,b/PROG_PART+t/IV3MS
و/أداة ربط,w/SUB_CONJ
س/أداة استقبال+ن/للمضارع المتكلم الجمع,s/FUT_PART+n/IV1P
و/عطف+ب/أداة مضارعة+ي/للمضارع المخاطب المذكر المفرد,w/CONJ+b/PROG_PART+y/IV2MS
و/أداة ربط+ب/أداة مضارعة+ي/للمضارع الغائب الجمع,w/SUB_CONJ+b/PROG_PART+y/IV3P
و/عطف+ب/أداة مضارعة+ي/للمضارع الغائب الجمع,w/CONJ+b/PROG_PART+y/IV3P
و/عطف+ع/حرف جر,w/CONJ+E/PREP
ه/ضمير اشارة مذكر مفرد+ال/أداة تعريف,h/DEM_PRON_MS+Al/DET
ل/حرف جر+ي/للمضارع الغائب المذكر المفرد,l/PREP+y/IV3MS
أ/أداة+ن/للمضارع المتكلم الجمع,>/PART+n/IV1P
و/حرف ربط,w/CONNEC_PART
ب/أداة مضارعة+ت/للمضارع الغائب الجمع,b/PROG_PART+t/IV3P
ل/حرف جر+ن/للمضارع المتكلم الجمع,l/PREP+n/IV1P
ل/أداة توكيد+ي/للمضارع الغائب الجمع,l/EMPHATIC_PART+y/IV3P
ل/جواب شرط,l/RC_PART
ل/حرف جر+ت/للمضارع المخاطب المذكر الجمع,l/PREP+t/IV2MP
و/أداة+أ/للمضارع المتكلم المفرد,w/PART+>/IV1S
و/عطف+ت/للمضارع الغائب المؤنث الجمع,w/CONJ+t/IV3FP
ك/حرف جر+ال/أداة تعريف,k/PREP+Al/DET
و/عطف+ب/أداة مضارعة+ت/للمضارع المخاطب المؤنث المفرد,w/CONJ+b/PROG_PART+t/IV2FS
ل/أداة توكيد+ا/للمضارع المتكلم المفرد,l/EMPHATIC_PART+A/IV1S
ت/أداة+ن/للمضارع المتكلم الجمع,t/PART+n/IV1P
ل/جواب شرط+ي/للمضارع الغائب المذكر المفرد,l/RC_PART+y/IV3MS
ل/أداة توكيد+ت/للمضارع الغائب المذكر المفرد,l/EMPHATIC_PART+t/IV3MS
ل/أداة جزم+ت/للمضارع المخاطب المذكر المفرد,l/JUS_PART+t/IV2MS
ف/حرف ربط+على/حرف جر,f/CONNEC_PART+ElY/PREP
و/عطف+ب/أداة مضارعة+ي/للمضارع الغائب المذكر الجمع,w/CONJ+b/PROG_PART+y/IV3MP
و/أداة+ب/أداة مضارعة+ن/للمضارع المتكلم الجمع,w/PART+b/PROG_PART+n/IV1P
و/عطف+ب/أداة مضارعة+ت/للمضارع المخاطب المذكر الجمع,w/CONJ+b/PROG_PART+t/IV2MP
ل/أداة جزم,l/JUS_PART
ب/أداة مضارعة+ت/للمضارع الغائب المؤنث الجمع,b/PROG_PART+t/IV3FP
ف/عطف+ل/حرف جر,f/CONJ+l/PREP
ب/حرف جر+ي/للمضارع الغائب المذكر المفرد,b/PREP+y/IV3MS
ل/أداة جزم+ت/للمضارع الغائب المؤنث المفرد,l/JUS_PART+t/IV3FS
ل/أداة جزم+ن/للمضارع المتكلم الجمع,l/JUS_PART+n/IV1P
ف/جواب شرط+ل/أداة جزم+ت/للمضارع المخاطب المذكر المفرد,f/RC_PART+l/JUS_PART+t/IV2MS
و/عطف+ل/أداة توكيد+ن/للمضارع المتكلم الجمع,w/CONJ+l/EMPHATIC_PART+n/IV1P
و/أداة+ا/للمضارع المتكلم المفرد,w/PART+A/IV1S
ف/حرف ربط+ال/أداة تعريف,f/CONNEC_PART+Al/DET
و/عطف+لا/أداة نفي,w/CONJ+lA/NEG_PART
ل/حرف جر+ت/للمضارع المخاطب المذكر المفرد,l/PREP+t/IV2MS
و/عطف+أ/للمضارع المتكلم المفرد,w/CONJ+>/IV1S
ف/عطف+ا/للمضارع المتكلم المفرد,f/CONJ+A/IV1S
و/عطف+ما/أداة نفي,w/CONJ+mA/NEG_PART
ب/أداة مضارعة,b/PROG_PART
ما/أداة ربط,mA/SUB_CONJ
ف/عطف+ال/أداة تعريف,f/CONJ+Al/DET
و/أداة ربط+ب/أداة مضارعة+ي/للمضارع الغائب المذكر الجمع,w/SUB_CONJ+b/PROG_PART+y/IV3MP
و/عطف+ما/ضمير استفهام,w/CONJ+mA/INTERROG_PRON
ة/أداة مضارعة+ت/للمضارع المخاطب المذكر المفرد,p/PROG_PART+t/IV2MS
ت/حرف جر,t/PREP
ف/عطف+ل/أداة توكيد+ن/للمضارع المتكلم الجمع,f/CONJ+l/EMPHATIC_PART+n/IV1P
ي/للمضارع الغائب المؤنث الجمع,y/IV3FP
ل/حرف جر+ل/أداة تعريف,l/PREP+l/DET
ع/حرف جر+ه/ضمير اشارة+ال/أداة تعريف,E/PREP+h/DEM_PRON+Al/DET
ي/للأمر الغائب المذكر المفرد,y/CV3MS
ما/عطف,mA/CONJ
إ/للمضارع المتكلم المفرد,</IV1S
و/عطف+ن/للمضارع المتكلم الجمع+ت/للمضارع المخاطب المذكر المفرد,w/CONJ+n/IV1P+t/IV2MS
على/حرف جر,ElY/PREP
ل/أداة توكيد+ت/للمضارع المخاطب المذكر المفرد,l/EMPHATIC_PART+t/IV2MS
ل/أداة توكيد+أ/للمضارع المتكلم المفرد,l/EMPHATIC_PART+>/IV1S
إن/أداة ربط,<n/SUB_CONJ
و/أداة+ب/أداة مضارعة+ي/للمضارع الغائب المذكر الجمع,w/PART+b/PROG_PART+y/IV3MP
و/عطف+ب/أداة مضارعة,w/CONJ+b/PROG_PART
الا/جواب شرط,AlA/RC_PART
ت/أداة,t/PART
و/حرف جر+ال/أداة تعريف,w/PREP+Al/DET
و/أداة ربط+ا/للمضارع المتكلم المفرد,w/SUB_CONJ+A/IV1S
من/حرف جر,mn/PREP
و/عطف+س/أداة استقبال+ا/للمضارع المتكلم المفرد,w/CONJ+s/FUT_PART+A/IV1S
س/أداة استقبال+أ/للمضارع المتكلم المفرد,s/FUT_PART+>/IV1S
و/عطف+ب/أداة مضارعة+أ/للمضارع المتكلم المفرد,w/CONJ+b/PROG_PART+>/IV1S
ه/أداة استقبال+ت/للمضارع المخاطب المذكر المفرد,H/FUT_PART+t/IV2MS
ل/أداة,l/PART
ما/أداة ربط+ي/للمضارع الغائب المذكر المفرد,mA/SUB_CONJ+y/IV3MS
ت/حرف جر+أ/للمضارع المتكلم المفرد,t/PREP+>/IV1S
و/عطف+ه/ضمير اشارة+ال/أداة تعريف,w/CONJ+h/DEM_PRON+Al/DET
ت/حرف جر+ي/للمضارع الغائب المذكر المفرد,t/PREP+y/IV3MS
لا/أداة نفي+ي/للمضارع الغائب المذكر المفرد,lA/NEG_PART+y/IV3MS
س/أداة استقبال+ي/للمضارع الغائب المذكر المفرد,s/FUT_PART+y/IV3MS
و/عطف+ب/أداة+أ/للمضارع المتكلم المفرد,w/CONJ+b/PART+>/IV1S
ما/ضمير تعجب,mA/EXCLAM_PRON
ب/أداة مضارعة+ي/للمضارع المخاطب المذكر الجمع,b/PROG_PART+y/IV2MP
و/أداة+ب/أداة مضارعة+ي/للمضارع الغائب الجمع,w/PART+b/PROG_PART+y/IV3P
ما/أداة نفي+ب/أداة مضارعة+ي/للمضارع الغائب المذكر الجمع,mA/NEG_PART+b/PROG_PART+y/IV3MP
و/عطف+ما/أداة نفي+ب/أداة مضارعة+ن/للمضارع المتكلم الجمع,w/CONJ+mA/NEG_PART+b/PROG_PART+n/IV1P
لا/أداة نفي,lA/NEG_PART
ت/للمضارع الغائب المؤنث الجمع,t/IV3FP
و/أداة+ب/حرف جر,w/PART+b/PREP
ت/حرف جر+ت/للمضارع الغائب المؤنث المفرد,t/PREP+t/IV3FS
ل/أداة توكيد+ي/للمضارع الغائب المذكر الجمع,l/EMPHATIC_PART+y/IV3MP
و/أداة ربط+ب/أداة مضارعة+ت/للمضارع المخاطب المؤنث المفرد,w/SUB_CONJ+b/PROG_PART+t/IV2FS
ب/أداة مضارعة+ي/للمضارع الغائب المؤنث الجمع,b/PROG_PART+y/IV3FP
و/أداة+ت/للمضارع المخاطب المذكر الجمع,w/PART+t/IV2MP
ت/للمضارع الغائب المذكر الجمع,t/IV3MP
ي/للمضارع الغائب المذكر المفرد+ت/للمضارع الغائب المذكر المفرد,y/IV3MS+t/IV3MS
و/أداة+ب/أداة مضارعة+ت/للمضارع المخاطب المذكر المفرد,w/PART+b/PROG_PART+t/IV2MS
ل/أداة جزم+أ/للمضارع المتكلم المفرد,l/JUS_PART+>/IV1S
ل/اسم موصول,l/REL_PRON
ل/أداة جزم+ي/للمضارع الغائب المذكر الجمع,l/JUS_PART+y/IV3MP
ان/للمضارع المتكلم الجمع,An/IV1P
و/أداة ربط+ي/للمضارع الغائب المذكر المفرد,w/SUB_CONJ+y/IV3MS
و/عطف+ت/للمضارع المخاطب المذكر الجمع,w/CONJ+t/IV2MP
ت/للمضارع المخاطب المذكر المفرد+فضه/فعل أمر,t/IV2MS+fDh/CV
شو/اسم موصول+ب/أداة مضارعة+ي/للمضارع المتكلم المفرد,$w/REL_PRON+b/PROG_PART+y/IV1S
ما/أداة نفي+ب/أداة مضارعة,mA/NEG_PART+b/PROG_PART
ة/تلحق المؤنث المفرد,p/NSUFF_FEM_SG
شو/ضمير استفهام,$w/INTERROG_PRON
م/أداة مضارعة+ن/للمضارع المتكلم الجمع,m/PROG_PART+n/IV1P
ت/أداة مضارعة+ن/للمضارع المتكلم الجمع,t/PROG_PART+n/IV1P
ف/حرف جر,f/PREP
س/أداة استقبال,s/FUT_PART
ه/أداة استقبال,H/FUT_PART
ت/أداة جزم,t/JUS_PART
ف/أداة ربط,f/SUB_CONJ
أب/أداة مضارعة,>b/PROG_PART
ب/أداة نداء,b/VOC_PART
ه/ضمير اشارة مذكر مفرد,h/DEM_PRON_MS
أ/أداة,>/PART
ف/جواب شرط,f/RC_PART
ة/أداة مضارعة,p/PROG_PART
شو/اسم موصول,$w/REL_PRON
م/أداة مضارعة,m/PROG_PART
ت/أداة مضارعة,t/PROG_PART
ت/للمضارع المتكلم المفرد,t/IV1S
ه/أداة مضارعة,h/PROG_PART
ت/للمضارع الغائب الجمع,t/IV3P
ل/أداة تعريف,l/DET
ي/للمضارع المخاطب المذكر الجمع,y/IV2MP
فضه/فعل أمر,fDh/CV
ي/للمضارع المخاطب المذكر المفرد,y/IV2MS
ي/للمضارع المتكلم المفرد,y/IV1S